"Number","Time(s)","Length(s)","Distance(s)","Date/Time","Time","Hexdata","Type","Type/SEQ"
"1","139.132","0.00104167","139.132","04/25/23 08:57:17 +131934000 ns","139.1319","E0","",""
"2","141.727","0.00562467","2.59361","04/25/23 08:57:19 +726584000 ns","141.7266","01 D0 02 FE D3","=> Initialise","D0"
"3","142.029","0.00562567","0.297182","04/25/23 08:57:20 +29391000 ns","142.0294","01 D0 02 FE D3","=> Initialise","D0"
"4","142.332","0.00562467","0.297078","04/25/23 08:57:20 +332095000 ns","142.3321","01 D0 02 FE D3","=> Initialise","D0"
"5","144.927","0.00562567","2.5892","04/25/23 08:57:22 +926920000 ns","144.9269","01 D0 02 FE D3","=> Initialise","D0"
"6","144.94","0.00218767","0.00706933","04/25/23 08:57:22 +939615000 ns","144.9396","01 06","ACK <=",""
"7","144.961","0.0107297","0.0192703","04/25/23 08:57:22 +961073000 ns","144.9611","01 D0 04 08 31 0B 08 32 29","<= Initialise reply","D0"
"8","144.998","0.00218767","0.0262623","04/25/23 08:57:22 +998065000 ns","144.9981","01 06","ACK =>",""
"9","154.892","0.00562467","9.89181","04/25/23 08:57:32 +892058000 ns","154.8921","01 61 02 7F E3","<= EBLU Query Reply","61"
"10","154.933","0.00218667","0.0357613","04/25/23 08:57:32 +933444000 ns","154.9334","01 06","ACK =>",""
"11","154.94","0.00677067","0.00465533","04/25/23 08:57:32 +940286000 ns","154.9403","01 22 03 80 C0 9E","<= Event 1 Status reply","22"
"12","154.982","0.00218767","0.0346153","04/25/23 08:57:32 +981672000 ns","154.9817","01 06","ACK =>",""
"13","156.468","0.00677067","1.48403","04/25/23 08:57:34 +467890000 ns","156.4679","01 C1 03 55 55 3D","=> Update breakthrough force","C1"
"14","156.489","0.00229167","0.0141473","04/25/23 08:57:34 +488808000 ns","156.4888","01 06","ACK <=",""
"15","156.498","0.00708367","0.00729133","04/25/23 08:57:34 +498391000 ns","156.4984","01 83 03 55 55 7F","<= Breakthrough force reply","83"
"16","156.533","0.00218667","0.0279293","04/25/23 08:57:34 +533404000 ns","156.5334","01 06","ACK =>",""
"17","159.682","0.00562567","3.14691","04/25/23 08:57:37 +682497000 ns","159.6825","01 B2 02 FF B0","=> EBLU Query","B2"
"18","159.701","0.00218667","0.0128253","04/25/23 08:57:37 +700948000 ns","159.7009","01 06","ACK <=",""
"19","159.705","0.00562567","0.00145833","04/25/23 08:57:37 +704593000 ns","159.7046","01 64 02 7F E6","<= EBLU Query Reply","64"
"20","159.749","0.00218767","0.0392563","04/25/23 08:57:37 +749475000 ns","159.7495","01 06","ACK =>",""
"21","162.928","0.00562567","3.17638","04/25/23 08:57:40 +928041000 ns","162.928","01 B3 02 FF B1","=> EBLU Query","B3"
"22","162.946","0.00218667","0.0124413","04/25/23 08:57:40 +946108000 ns","162.9461","01 06","ACK <=",""
"23","162.95","0.00562567","0.00145833","04/25/23 08:57:40 +949753000 ns","162.9498","01 65 02 7F E7","<= EBLU Query Reply","65"
"24","163.1","0.00218767","0.14443","04/25/23 08:57:41 +99809000 ns","163.0998","01 06","ACK =>",""
"25","166.146","0.00562467","3.04399","04/25/23 08:57:44 +145982000 ns","166.146","01 B4 02 FF B6","=> EBLU Query","B4"
"26","166.161","0.00260467","0.00934833","04/25/23 08:57:44 +160955000 ns","166.1609","01 06","ACK <=",""
"27","166.171","0.00562467","0.00697933","04/25/23 08:57:44 +170539000 ns","166.1705","01 66 02 7F E4","<= EBLU Query Reply","66"
"28","166.213","0.00218667","0.0366923","04/25/23 08:57:44 +212856000 ns","166.2129","01 06","ACK =>",""
"29","169.388","0.00562467","3.17315","04/25/23 08:57:47 +388193000 ns","169.3882","01 B5 02 FF B7","=> EBLU Query","B5"
"30","169.406","0.00218767","0.0121933","04/25/23 08:57:47 +406011000 ns","169.406","01 06","ACK <=",""
"31","169.409","0.00562467","0.00125033","04/25/23 08:57:47 +409449000 ns","169.4095","01 67 02 7F E5","<= EBLU Query Reply","67"
"32","169.445","0.00218767","0.0297843","04/25/23 08:57:47 +444858000 ns","169.4449","01 06","ACK =>",""
"33","172.596","0.00562467","3.14909","04/25/23 08:57:50 +596133000 ns","172.5961","01 B6 02 FF B4","=> EBLU Query","B6"
"34","172.608","0.00218667","0.00640033","04/25/23 08:57:50 +608158000 ns","172.6082","01 06","ACK <=",""
"35","172.616","0.00562567","0.00593733","04/25/23 08:57:50 +616282000 ns","172.6163","01 68 02 7F EA","<= EBLU Query Reply","68"
"36","172.661","0.00218767","0.0391203","04/25/23 08:57:50 +661028000 ns","172.661","01 06","ACK =>",""
"37","175.836","0.00562467","3.17252","04/25/23 08:57:53 +835740000 ns","175.8357","01 B7 02 FF B5","=> EBLU Query","B7"
"38","175.851","0.00250067","0.00945233","04/25/23 08:57:53 +850817000 ns","175.8508","01 06","ACK <=",""
"39","175.861","0.00604167","0.00718733","04/25/23 08:57:53 +860505000 ns","175.8605","01 69 02 7F EB","<= EBLU Query Reply","69"
"40","176.012","0.00218767","0.145023","04/25/23 08:57:54 +11570000 ns","176.0116","01 06","ACK =>",""
"41","178.304","0.00562467","2.29046","04/25/23 08:57:56 +304220000 ns","178.3042","01 18 02 00 E5","=> Static status query","18"
"42","178.317","0.00218767","0.00733733","04/25/23 08:57:56 +317182000 ns","178.3172","01 06","ACK <=",""
"43","178.326","0.00927067","0.00687433","04/25/23 08:57:56 +326244000 ns","178.3262","01 1A 05 03 12 0C 03 FE","<= Static status reply","1A"
"44","178.372","0.00218667","0.0367253","04/25/23 08:57:56 +372240000 ns","178.3722","01 06","ACK =>",""
"45","178.448","0.00562467","0.0732283","04/25/23 08:57:56 +447655000 ns","178.4477","01 29 02 6F BB","=> Event 1 Status query","29"
"46","178.46","0.00218767","0.00691433","04/25/23 08:57:56 +460194000 ns","178.4602","01 06","ACK <=",""
"47","178.469","0.00677067","0.00624933","04/25/23 08:57:56 +468631000 ns","178.4686","01 2B 03 00 C0 17","<= Event 1 Status reply","2B"
"48","178.594","0.00562467","0.118813","04/25/23 08:57:56 +594215000 ns","178.5942","01 AA 02 82 D5","=> change mode","AA"
"49","178.613","0.00218767","0.0133593","04/25/23 08:57:56 +613199000 ns","178.6132","01 06","ACK <=",""
"50","178.677","0.00718767","0.0616653","04/25/23 08:57:56 +677052000 ns","178.677","01 2B 03 00 C0 17","<= Event 1 Status reply","2B"
"51","178.802","0.00218767","0.117992","04/25/23 08:57:56 +802232000 ns","178.8022","01 06","ACK =>",""
"52","178.827","0.00218767","0.0230203","04/25/23 08:57:56 +827440000 ns","178.8274","01 06","ACK =>",""
"53","178.853","0.00562467","0.0232293","04/25/23 08:57:56 +852857000 ns","178.8529","01 5B 02 03 A5","=> Set credit score maximum","5B"
"54","178.871","0.00218767","0.0124083","04/25/23 08:57:56 +870890000 ns","178.8709","01 06","ACK <=",""
"55","179.004","0.00562467","0.130505","04/25/23 08:57:57 +3583000 ns","179.0036","01 1C 02 00 E1","=> Static status query","1C"
"56","179.018","0.00218767","0.00843733","04/25/23 08:57:57 +17645000 ns","179.0176","01 06","ACK <=",""
"57","179.027","0.00937467","0.00760433","04/25/23 08:57:57 +27437000 ns","179.0274","01 1C 05 03 12 0C 03 F8","<= Static status reply","1C"
"58","179.179","0.00218767","0.142595","04/25/23 08:57:57 +179407000 ns","179.1794","01 06","ACK =>",""
"59","180.313","0.00562467","1.13133","04/25/23 08:57:58 +312923000 ns","180.3129","01 1D 02 00 E0","=> Static status query","1D"
"60","180.326","0.00218667","0.00743533","04/25/23 08:57:58 +325983000 ns","180.326","01 06","ACK <=",""
"61","180.335","0.00906167","0.00677133","04/25/23 08:57:58 +334941000 ns","180.3349","01 1D 05 03 12 0C 03 F9","<= Static status reply","1D"
"62","180.372","0.00218667","0.0280863","04/25/23 08:57:58 +372089000 ns","180.3721","01 06","ACK =>",""
"63","180.448","0.00562467","0.0735413","04/25/23 08:57:58 +447817000 ns","180.4478","01 2E 02 6F BC","=> Event 1 Status query","2E"
"64","180.463","0.00229167","0.00992133","04/25/23 08:57:58 +463363000 ns","180.4634","01 06","ACK <=",""
"65","180.473","0.00697967","0.00739533","04/25/23 08:57:58 +473050000 ns","180.4731","01 2E 03 00 C0 12","<= Event 1 Status reply","2E"
"66","180.516","0.00218667","0.0360153","04/25/23 08:57:58 +516045000 ns","180.5161","01 06","ACK =>",""
"67","180.592","0.00562567","0.0735403","04/25/23 08:57:58 +591772000 ns","180.5918","01 AF 02 81 D3","=> change mode","AF"
"68","180.607","0.00218667","0.0100193","04/25/23 08:57:58 +607417000 ns","180.6074","01 06","ACK <=",""
"69","180.638","0.00687567","0.0279163","04/25/23 08:57:58 +637520000 ns","180.6375","01 2F 03 98 00 4B","<= Event 1 Status reply","2F"
"70","180.676","0.00218767","0.0316463","04/25/23 08:57:58 +676042000 ns","180.676","01 06","ACK =>",""
"71","180.684","0.00687467","0.00584633","04/25/23 08:57:58 +684076000 ns","180.6841","01 20 03 80 00 5C","<= Event 1 Status reply","20"
"72","180.724","0.00218767","0.0331113","04/25/23 08:57:58 +724062000 ns","180.7241","01 06","ACK =>",""
"73","180.813","0.00677167","0.0869833","04/25/23 08:57:58 +813233000 ns","180.8132","01 21 03 98 00 45","<= Event 1 Status reply","21"
"74","180.852","0.00218767","0.0320693","04/25/23 08:57:58 +852074000 ns","180.8521","01 06","ACK =>",""
"75","180.878","0.00562567","0.0233323","04/25/23 08:57:58 +877594000 ns","180.8776","01 10 02 00 ED","=> Static status query","10"
"76","180.899","0.00218667","0.0156313","04/25/23 08:57:58 +898851000 ns","180.8988","01 06","ACK <=",""
"77","180.909","0.0105207","0.00843733","04/25/23 08:57:58 +909475000 ns","180.9095","01 12 05 03 08 31 0C 03 E5","<= Static status reply","12"
"78","180.948","0.00218667","0.0284313","04/25/23 08:57:58 +948427000 ns","180.9484","01 06","ACK =>",""
"79","180.999","0.00562567","0.0483323","04/25/23 08:57:58 +998946000 ns","180.9989","01 21 02 6F B3","=> Event 1 Status query","21"
"80","181.012","0.00218767","0.00760333","04/25/23 08:57:59 +12175000 ns","181.0122","01 06","ACK <=",""
"81","181.022","0.00687567","0.00781233","04/25/23 08:57:59 +22175000 ns","181.0222","01 23 03 18 00 C7","<= Event 1 Status reply","23"
"82","181.06","0.00218767","0.0313533","04/25/23 08:57:59 +60404000 ns","181.0604","01 06","ACK =>",""
"83","181.413","0.00562567","0.349993","04/25/23 08:57:59 +412585000 ns","181.4126","01 12 02 00 EF","=> Static status query","12"
"84","181.43","0.00218767","0.0118483","04/25/23 08:57:59 +430059000 ns","181.4301","01 06","ACK <=",""
"85","181.44","0.0105207","0.00791633","04/25/23 08:57:59 +440163000 ns","181.4402","01 14 05 03 08 31 0C 03 E3","<= Static status reply","14"
"86","181.57","0.00562467","0.119711","04/25/23 08:57:59 +570395000 ns","181.5704","01 23 02 6F B1","=> Event 1 Status query","23"
"87","181.589","0.00218667","0.0126763","04/25/23 08:57:59 +588696000 ns","181.5887","01 06","ACK <=",""
"88","181.65","0.0106247","0.0591593","04/25/23 08:57:59 +650042000 ns","181.65","01 14 05 03 08 31 0C 03 E3","<= Static status reply","14"
"89","181.778","0.00218767","0.117739","04/25/23 08:57:59 +778406000 ns","181.7784","01 06","ACK =>",""
"90","181.783","0.00697867","0.00214833","04/25/23 08:57:59 +782742000 ns","181.7827","01 25 03 18 00 C1","<= Event 1 Status reply","25"
"91","181.803","0.00218667","0.0130603","04/25/23 08:57:59 +802781000 ns","181.8028","01 06","ACK =>",""
"92","181.828","0.00218767","0.0230203","04/25/23 08:57:59 +827988000 ns","181.828","01 06","ACK =>",""
"93","181.954","0.00562567","0.123539","04/25/23 08:57:59 +953715000 ns","181.9537","01 14 02 00 E9","=> Static status query","14"
"94","181.973","0.00218767","0.0136973","04/25/23 08:57:59 +973038000 ns","181.973","01 06","ACK <=",""
"95","181.984","0.0106257","0.00874933","04/25/23 08:57:59 +983975000 ns","181.984","01 16 05 03 08 31 0C 03 E1","<= Static status reply","16"
"96","182.114","0.00562467","0.119633","04/25/23 08:58:00 +114234000 ns","182.1142","01 25 02 6F B7","=> Event 1 Status query","25"
"97","182.133","0.00218667","0.0135873","04/25/23 08:58:00 +133446000 ns","182.1335","01 06","ACK <=",""
"98","182.192","0.0105207","0.0567633","04/25/23 08:58:00 +192396000 ns","182.1924","01 16 05 03 08 31 0C 03 E1","<= Static status reply","16"
"99","182.322","0.00218767","0.11923","04/25/23 08:58:00 +322147000 ns","182.3221","01 06","ACK =>",""
"100","182.326","0.00687467","0.00201133","04/25/23 08:58:00 +326346000 ns","182.3263","01 27 03 18 00 C3","<= Event 1 Status reply","27"
"101","182.347","0.00218767","0.0136133","04/25/23 08:58:00 +346834000 ns","182.3468","01 06","ACK =>",""
"102","182.372","0.00218767","0.0232283","04/25/23 08:58:00 +372250000 ns","182.3723","01 06","ACK =>",""
"103","182.498","0.00562567","0.124053","04/25/23 08:58:00 +498491000 ns","182.4985","01 16 02 00 EB","=> Static status query","16"
"104","182.511","0.00218767","0.00731733","04/25/23 08:58:00 +511434000 ns","182.5114","01 06","ACK <=",""
"105","182.52","0.0106247","0.00687433","04/25/23 08:58:00 +520496000 ns","182.5205","01 18 05 03 08 31 0C 03 EF","<= Static status reply","18"
"106","182.564","0.00218767","0.0330983","04/25/23 08:58:00 +564219000 ns","182.5642","01 06","ACK =>",""
"107","182.64","0.00562467","0.0733323","04/25/23 08:58:00 +639739000 ns","182.6397","01 27 02 6F B5","=> Event 1 Status query","27"
"108","182.652","0.00218767","0.00689433","04/25/23 08:58:00 +652258000 ns","182.6523","01 06","ACK <=",""
"109","182.661","0.00708367","0.00634733","04/25/23 08:58:00 +660793000 ns","182.6608","01 29 03 18 00 CD","<= Event 1 Status reply","29"
"110","182.811","0.00218767","0.143526","04/25/23 08:58:00 +811403000 ns","182.8114","01 06","ACK =>",""
"111","183.063","0.00562467","0.249683","04/25/23 08:58:01 +63274000 ns","183.0633","01 18 02 00 E5","=> Static status query","18"
"112","183.082","0.00218767","0.0132153","04/25/23 08:58:01 +82114000 ns","183.0821","01 06","ACK <=",""
"113","183.093","0.0105207","0.00843733","04/25/23 08:58:01 +92739000 ns","183.0927","01 1A 05 03 08 31 0C 03 ED","<= Static status reply","1A"
"114","183.14","0.00218767","0.0366793","04/25/23 08:58:01 +139939000 ns","183.1399","01 06","ACK =>",""
"115","183.19","0.00562467","0.0481243","04/25/23 08:58:01 +190251000 ns","183.1902","01 29 02 6F BB","=> Event 1 Status query","29"
"116","183.21","0.00218767","0.0140423","04/25/23 08:58:01 +209918000 ns","183.2099","01 06","ACK <=",""
"117","183.214","0.00677067","0.00156233","04/25/23 08:58:01 +213668000 ns","183.2137","01 2B 03 18 00 CF","<= Event 1 Status reply","2B"
"118","183.252","0.00218767","0.0315813","04/25/23 08:58:01 +252020000 ns","183.252","01 06","ACK =>",""
"119","183.605","0.00562467","0.3503","04/25/23 08:58:01 +604508000 ns","183.6045","01 1A 02 00 E7","=> Static status query","1A"
"120","183.617","0.00229167","0.00694033","04/25/23 08:58:01 +617073000 ns","183.6171","01 06","ACK <=",""
"121","183.627","0.0106247","0.00718733","04/25/23 08:58:01 +626552000 ns","183.6266","01 1C 05 03 08 31 0C 03 EB","<= Static status reply","1C"
"122","183.668","0.00218767","0.0307673","04/25/23 08:58:01 +667944000 ns","183.6679","01 06","ACK =>",""
"123","183.744","0.00562467","0.0734363","04/25/23 08:58:01 +743568000 ns","183.7436","01 2B 02 6F B9","=> Event 1 Status query","2B"
"124","183.758","0.00218767","0.00860033","04/25/23 08:58:01 +757793000 ns","183.7578","01 06","ACK <=",""
"125","183.767","0.00697967","0.00739533","04/25/23 08:58:01 +767376000 ns","183.7674","01 2D 03 18 00 C9","<= Event 1 Status reply","2D"
"126","183.812","0.00218767","0.0376483","04/25/23 08:58:01 +812004000 ns","183.812","01 06","ACK =>",""
"127","184.139","0.00562467","0.32489","04/25/23 08:58:02 +139082000 ns","184.1391","01 1C 02 00 E1","=> Static status query","1C"
"128","184.159","0.00218667","0.0138873","04/25/23 08:58:02 +158594000 ns","184.1586","01 06","ACK <=",""
"129","184.17","0.0106247","0.00875033","04/25/23 08:58:02 +169531000 ns","184.1695","01 1E 05 03 08 31 0C 03 E9","<= Static status reply","1E"
"130","184.212","0.00218767","0.0316273","04/25/23 08:58:02 +211783000 ns","184.2118","01 06","ACK =>",""
"131","184.262","0.00562467","0.0483323","04/25/23 08:58:02 +262303000 ns","184.2623","01 2D 02 6F BF","=> Event 1 Status query","2D"
"132","184.275","0.00218767","0.00701133","04/25/23 08:58:02 +274939000 ns","184.2749","01 06","ACK <=",""
"133","184.283","0.00697867","0.00635433","04/25/23 08:58:02 +283481000 ns","184.2835","01 2F 03 18 00 CB","<= Event 1 Status reply","2F"
"134","184.324","0.00218767","0.0334043","04/25/23 08:58:02 +323864000 ns","184.3239","01 06","ACK =>",""
"135","184.677","0.00562467","0.350723","04/25/23 08:58:02 +676775000 ns","184.6768","01 1E 02 00 E3","=> Static status query","1E"
"136","184.69","0.00218767","0.00802733","04/25/23 08:58:02 +690427000 ns","184.6904","01 06","ACK <=",""
"137","184.7","0.0104167","0.00760333","04/25/23 08:58:02 +700218000 ns","184.7002","01 10 05 03 08 31 0C 03 E7","<= Static status reply","10"
"138","184.74","0.00218767","0.0292643","04/25/23 08:58:02 +739899000 ns","184.7399","01 06","ACK =>",""
"139","184.815","0.00562567","0.0733313","04/25/23 08:58:02 +815418000 ns","184.8154","01 2F 02 6F BD","=> Event 1 Status query","2F"
"140","184.834","0.00218767","0.0127073","04/25/23 08:58:02 +833751000 ns","184.8338","01 06","ACK <=",""
"141","184.844","0.00697267","0.00833333","04/25/23 08:58:02 +844272000 ns","184.8443","01 21 03 18 00 C5","<= Event 1 Status reply","21"
"142","184.884","0.00218767","0.0324013","04/25/23 08:58:02 +883646000 ns","184.8837","01 06","ACK =>",""
"143","185.261","0.00562567","0.375299","04/25/23 08:58:03 +261133000 ns","185.2611","01 10 02 00 ED","=> Static status query","10"
"144","185.274","0.00218767","0.00747333","04/25/23 08:58:03 +274232000 ns","185.2742","01 06","ACK <=",""
"145","185.283","0.0105207","0.00677033","04/25/23 08:58:03 +283190000 ns","185.2832","01 12 05 03 08 31 0C 03 E5","<= Static status reply","12"
"146","185.411","0.00562467","0.116795","04/25/23 08:58:03 +410506000 ns","185.4105","01 21 02 6F B3","=> Event 1 Status query","21"
"147","185.429","0.00218767","0.0125713","04/25/23 08:58:03 +428702000 ns","185.4287","01 06","ACK <=",""
"148","185.502","0.0102087","0.0708253","04/25/23 08:58:03 +501715000 ns","185.5017","01 12 05 03 08 31 0C 03 E5","<= Static status reply","12"
"149","185.54","0.00218767","0.0281633","04/25/23 08:58:03 +540087000 ns","185.5401","01 06","ACK =>",""
"150","185.552","0.00687567","0.00933533","04/25/23 08:58:03 +551610000 ns","185.5516","01 23 03 18 00 C7","<= Event 1 Status reply","23"
"151","185.588","0.00218767","0.0295173","04/25/23 08:58:03 +588003000 ns","185.588","01 06","ACK =>",""
"152","185.815","0.00561867","0.224579","04/25/23 08:58:03 +814770000 ns","185.8148","01 12 02 00 EF","=> Static status query","12"
"153","185.831","0.00218767","0.0110933","04/25/23 08:58:03 +831482000 ns","185.8315","01 06","ACK <=",""
"154","185.841","0.0104167","0.00760333","04/25/23 08:58:03 +841273000 ns","185.8413","01 14 05 03 08 31 0C 03 E3","<= Static status reply","14"
"155","185.97","0.00562467","0.118592","04/25/23 08:58:03 +970282000 ns","185.9703","01 23 02 6F B1","=> Event 1 Status query","23"
"156","185.983","0.00218767","0.00692033","04/25/23 08:58:03 +982827000 ns","185.9828","01 06","ACK <=",""
"157","186.049","0.0106247","0.0644713","04/25/23 08:58:04 +49486000 ns","186.0495","01 14 05 03 08 31 0C 03 E3","<= Static status reply","14"
"158","186.178","0.00218767","0.118188","04/25/23 08:58:04 +178299000 ns","186.1783","01 06","ACK =>",""
"159","186.183","0.00687467","0.00211533","04/25/23 08:58:04 +182602000 ns","186.1826","01 25 03 18 00 C1","<= Event 1 Status reply","25"
"160","186.202","0.00218767","0.0128843","04/25/23 08:58:04 +202361000 ns","186.2024","01 06","ACK =>",""
"161","186.228","0.00218767","0.0230203","04/25/23 08:58:04 +227569000 ns","186.2276","01 06","ACK =>",""
"162","186.354","0.00562567","0.123851","04/25/23 08:58:04 +353608000 ns","186.3536","01 14 02 00 E9","=> Static status query","14"
"163","186.367","0.00218767","0.00731033","04/25/23 08:58:04 +366544000 ns","186.3665","01 06","ACK <=",""
"164","186.376","0.0104167","0.00687533","04/25/23 08:58:04 +375607000 ns","186.3756","01 16 05 03 08 31 0C 03 E1","<= Static status reply","16"
"165","186.42","0.00218767","0.0336253","04/25/23 08:58:04 +419649000 ns","186.4196","01 06","ACK =>",""
"166","186.495","0.00562567","0.0732273","04/25/23 08:58:04 +495064000 ns","186.4951","01 25 02 6F B7","=> Event 1 Status query","25"
"167","186.508","0.00218767","0.00699133","04/25/23 08:58:04 +507681000 ns","186.5077","01 06","ACK <=",""
"168","186.516","0.00676367","0.00635433","04/25/23 08:58:04 +516223000 ns","186.5162","01 27 03 18 00 C3","<= Event 1 Status reply","27"
"169","186.667","0.00218767","0.144158","04/25/23 08:58:04 +667145000 ns","186.6671","01 06","ACK =>",""
"170","186.893","0.00562567","0.223947","04/25/23 08:58:04 +893280000 ns","186.8933","01 16 02 00 EB","=> Static status query","16"
"171","186.908","0.00218667","0.00947233","04/25/23 08:58:04 +908378000 ns","186.9084","01 06","ACK <=",""
"172","186.918","0.0104167","0.00750033","04/25/23 08:58:04 +918065000 ns","186.9181","01 18 05 03 08 31 0C 03 EF","<= Static status reply","18"
"173","186.964","0.00218767","0.0354223","04/25/23 08:58:04 +963904000 ns","186.9639","01 06","ACK =>",""
"174","187.04","0.00562467","0.0736443","04/25/23 08:58:05 +39736000 ns","187.0397","01 27 02 6F B5","=> Event 1 Status query","27"
"175","187.053","0.00218767","0.00727233","04/25/23 08:58:05 +52633000 ns","187.0526","01 06","ACK <=",""
"176","187.062","0.00697967","0.00739533","04/25/23 08:58:05 +62216000 ns","187.0622","01 29 03 18 00 CD","<= Event 1 Status reply","29"
"177","187.211","0.00218767","0.1421","04/25/23 08:58:05 +211296000 ns","187.2113","01 06","ACK =>",""
"178","187.438","0.00562467","0.224683","04/25/23 08:58:05 +438167000 ns","187.4382","01 18 02 00 E5","=> Static status query","18"
"179","187.455","0.00218767","0.0110023","04/25/23 08:58:05 +454794000 ns","187.4548","01 06","ACK <=",""
"180","187.464","0.0105207","0.00749333","04/25/23 08:58:05 +464475000 ns","187.4645","01 1A 05 03 08 31 0C 03 ED","<= Static status reply","1A"
"181","187.508","0.00218767","0.0328573","04/25/23 08:58:05 +507853000 ns","187.5079","01 06","ACK =>",""
"182","187.584","0.00562467","0.0735343","04/25/23 08:58:05 +583575000 ns","187.5836","01 29 02 6F BB","=> Event 1 Status query","29"
"183","187.599","0.00218767","0.00995433","04/25/23 08:58:05 +599154000 ns","187.5992","01 06","ACK <=",""
"184","187.609","0.00697867","0.00739533","04/25/23 08:58:05 +608737000 ns","187.6087","01 2B 03 18 00 CF","<= Event 1 Status reply","2B"
"185","187.652","0.00218767","0.0358783","04/25/23 08:58:05 +651594000 ns","187.6516","01 06","ACK =>",""
"186","187.98","0.00562567","0.325723","04/25/23 08:58:05 +979505000 ns","187.9795","01 1A 02 00 E7","=> Static status query","1A"
"187","187.992","0.00260467","0.00732333","04/25/23 08:58:05 +992454000 ns","187.9924","01 06","ACK <=",""
"188","188.002","0.0103127","0.00687433","04/25/23 08:58:06 +1933000 ns","188.0019","01 1C 05 03 08 31 0C 03 EB","<= Static status reply","1C"
"189","188.134","0.00562467","0.122153","04/25/23 08:58:06 +134399000 ns","188.1344","01 2B 02 6F B9","=> Event 1 Status query","2B"
"190","188.147","0.00218667","0.00700533","04/25/23 08:58:06 +147029000 ns","188.147","01 06","ACK <=",""
"191","188.211","0.0106247","0.0619723","04/25/23 08:58:06 +211188000 ns","188.2112","01 1C 05 03 08 31 0C 03 EB","<= Static status reply","1C"
"192","188.342","0.00218767","0.120284","04/25/23 08:58:06 +342097000 ns","188.3421","01 06","ACK =>",""
"193","188.349","0.00677067","0.00439433","04/25/23 08:58:06 +348679000 ns","188.3487","01 2D 03 18 00 C9","<= Event 1 Status reply","2D"
"194","188.362","0.00218767","0.00685533","04/25/23 08:58:06 +362305000 ns","188.3623","01 06","ACK =>",""
"195","188.388","0.00218767","0.0230203","04/25/23 08:58:06 +387513000 ns","188.3875","01 06","ACK =>",""
"196","188.513","0.00562467","0.123539","04/25/23 08:58:06 +513240000 ns","188.5132","01 1C 02 00 E1","=> Static status query","1C"
"197","188.531","0.00239567","0.0126103","04/25/23 08:58:06 +531475000 ns","188.5315","01 06","ACK <=",""
"198","188.542","0.0104157","0.00791733","04/25/23 08:58:06 +541788000 ns","188.5418","01 1E 05 03 08 31 0C 03 E9","<= Static status reply","1E"
"199","188.579","0.00218767","0.0272853","04/25/23 08:58:06 +579489000 ns","188.5795","01 06","ACK =>",""
"200","188.655","0.00562467","0.0737483","04/25/23 08:58:06 +655425000 ns","188.6554","01 2D 02 6F BF","=> Event 1 Status query","2D"
"201","188.675","0.00218767","0.0139583","04/25/23 08:58:06 +675008000 ns","188.675","01 06","ACK <=",""
"202","188.679","0.00677067","0.00166633","04/25/23 08:58:06 +678862000 ns","188.6789","01 2F 03 18 00 CB","<= Event 1 Status reply","2F"
"203","188.724","0.00218767","0.0380203","04/25/23 08:58:06 +723653000 ns","188.7236","01 06","ACK =>",""
"204","189.051","0.00562467","0.325515","04/25/23 08:58:07 +51356000 ns","189.0514","01 1E 02 00 E3","=> Static status query","1E"
"205","189.064","0.00218767","0.00726533","04/25/23 08:58:07 +64246000 ns","189.0642","01 06","ACK <=",""
"206","189.073","0.0107287","0.00687533","04/25/23 08:58:07 +73309000 ns","189.0733","01 10 05 03 08 31 0C 03 E7","<= Static status reply","10"
"207","189.202","0.00562467","0.118038","04/25/23 08:58:07 +202076000 ns","189.2021","01 2F 02 6F BD","=> Event 1 Status query","2F"
"208","189.215","0.00260367","0.00684933","04/25/23 08:58:07 +214550000 ns","189.2146","01 06","ACK <=",""
"209","189.285","0.0106247","0.0674923","04/25/23 08:58:07 +284646000 ns","189.2847","01 10 05 03 08 31 0C 03 E7","<= Static status reply","10"
"210","189.306","0.00218767","0.0111783","04/25/23 08:58:07 +306449000 ns","189.3064","01 06","ACK =>",""
"211","189.314","0.00677067","0.00486333","04/25/23 08:58:07 +313500000 ns","189.3135","01 21 03 18 00 C5","<= Event 1 Status reply","21"
"212","189.322","0.00218767","0.00190733","04/25/23 08:58:07 +322178000 ns","189.3222","01 06","ACK =>",""
"213","189.35","0.00218767","0.0256243","04/25/23 08:58:07 +349990000 ns","189.35","01 06","ACK =>",""
"214","189.6","0.00562467","0.247704","04/25/23 08:58:07 +599882000 ns","189.5999","01 10 02 00 ED","=> Static status query","10"
"215","189.613","0.00218767","0.00734333","04/25/23 08:58:07 +612850000 ns","189.6129","01 06","ACK <=",""
"216","189.622","0.0105207","0.00718733","04/25/23 08:58:07 +622225000 ns","189.6222","01 12 05 03 08 31 0C 03 E5","<= Static status reply","12"
"217","189.668","0.00218767","0.0349473","04/25/23 08:58:07 +667693000 ns","189.6677","01 06","ACK =>",""
"218","189.744","0.00562467","0.0737483","04/25/23 08:58:07 +743629000 ns","189.7436","01 21 02 6F B3","=> Event 1 Status query","21"
"219","189.756","0.00218067","0.00692133","04/25/23 08:58:07 +756175000 ns","189.7562","01 06","ACK <=",""
"220","189.765","0.00687467","0.00645833","04/25/23 08:58:07 +764814000 ns","189.7648","01 23 03 18 00 C7","<= Event 1 Status reply","23"
"221","189.915","0.00218767","0.143604","04/25/23 08:58:07 +915293000 ns","189.9153","01 06","ACK =>",""
"222","190.142","0.00562567","0.224572","04/25/23 08:58:08 +142053000 ns","190.1421","01 12 02 00 EF","=> Static status query","12"
"223","190.156","0.00218767","0.00804633","04/25/23 08:58:08 +155725000 ns","190.1557","01 06","ACK <=",""
"224","190.165","0.0105147","0.00739533","04/25/23 08:58:08 +165308000 ns","190.1653","01 14 05 03 08 31 0C 03 E3","<= Static status reply","14"
"225","190.212","0.00218767","0.0357083","04/25/23 08:58:08 +211531000 ns","190.2115","01 06","ACK =>",""
"226","190.287","0.00562567","0.0735403","04/25/23 08:58:08 +287259000 ns","190.2873","01 23 02 6F B1","=> Event 1 Status query","23"
"227","190.3","0.00218667","0.00720033","04/25/23 08:58:08 +300085000 ns","190.3001","01 06","ACK <=",""
"228","190.31","0.00687467","0.00739633","04/25/23 08:58:08 +309668000 ns","190.3097","01 25 03 18 00 C1","<= Event 1 Status reply","25"
"229","190.459","0.00218767","0.142901","04/25/23 08:58:08 +459444000 ns","190.4594","01 06","ACK =>",""
"230","190.687","0.00562567","0.224891","04/25/23 08:58:08 +686523000 ns","190.6865","01 14 02 00 E9","=> Static status query","14"
"231","190.702","0.00218767","0.0100903","04/25/23 08:58:08 +702239000 ns","190.7022","01 06","ACK <=",""
"232","190.712","0.0104157","0.00750033","04/25/23 08:58:08 +711927000 ns","190.7119","01 16 05 03 08 31 0C 03 E1","<= Static status reply","16"
"233","190.755","0.00218667","0.0331383","04/25/23 08:58:08 +755481000 ns","190.7555","01 06","ACK =>",""
"234","190.831","0.00562467","0.0733323","04/25/23 08:58:08 +831000000 ns","190.831","01 25 02 6F B7","=> Event 1 Status query","25"
"235","190.847","0.00229167","0.00987633","04/25/23 08:58:08 +846501000 ns","190.8465","01 06","ACK <=",""
"236","190.856","0.00687567","0.00739533","04/25/23 08:58:08 +856188000 ns","190.8562","01 27 03 18 00 C3","<= Event 1 Status reply","27"
"237","190.899","0.00218767","0.0363663","04/25/23 08:58:08 +899430000 ns","190.8994","01 06","ACK =>",""
"238","191.227","0.00562467","0.325723","04/25/23 08:58:09 +227341000 ns","191.2273","01 16 02 00 EB","=> Static status query","16"
"239","191.247","0.00218767","0.0142313","04/25/23 08:58:09 +247197000 ns","191.2472","01 06","ACK <=",""
"240","191.258","0.0105207","0.00885433","04/25/23 08:58:09 +258239000 ns","191.2582","01 18 05 03 08 31 0C 03 EF","<= Static status reply","18"
"241","191.3","0.00218767","0.0307673","04/25/23 08:58:09 +299527000 ns","191.2995","01 06","ACK =>",""
"242","191.375","0.00562467","0.0735403","04/25/23 08:58:09 +375255000 ns","191.3753","01 27 02 6F B5","=> Event 1 Status query","27"
"243","191.393","0.00249967","0.0116213","04/25/23 08:58:09 +392501000 ns","191.3925","01 06","ACK <=",""
"244","191.403","0.00687467","0.00750033","04/25/23 08:58:09 +402501000 ns","191.4025","01 29 03 18 00 CD","<= Event 1 Status reply","29"
"245","191.444","0.00218767","0.0342113","04/25/23 08:58:09 +443587000 ns","191.4436","01 06","ACK =>",""
"246","191.771","0.00562467","0.325405","04/25/23 08:58:09 +771180000 ns","191.7712","01 18 02 00 E5","=> Static status query","18"
"247","191.784","0.00218767","0.00743433","04/25/23 08:58:09 +784239000 ns","191.7842","01 06","ACK <=",""
"248","191.793","0.0103117","0.00697933","04/25/23 08:58:09 +793406000 ns","191.7934","01 1A 05 03 08 31 0C 03 ED","<= Static status reply","1A"
"249","191.922","0.00562467","0.118501","04/25/23 08:58:09 +922219000 ns","191.9222","01 29 02 6F BB","=> Event 1 Status query","29"
"250","191.939","0.00260367","0.0112823","04/25/23 08:58:09 +939126000 ns","191.9391","01 06","ACK <=",""
"251","192.005","0.0105207","0.0634303","04/25/23 08:58:10 +5160000 ns","192.0052","01 1A 05 03 08 31 0C 03 ED","<= Static status reply","1A"
"252","192.026","0.00218767","0.0104943","04/25/23 08:58:10 +26175000 ns","192.0262","01 06","ACK =>",""
"253","192.031","0.00697967","0.00221333","04/25/23 08:58:10 +30576000 ns","192.0306","01 2B 03 18 00 CF","<= Event 1 Status reply","2B"
"254","192.043","0.00218767","0.00518133","04/25/23 08:58:10 +42737000 ns","192.0427","01 06","ACK =>",""
"255","192.068","0.00218767","0.0229163","04/25/23 08:58:10 +67841000 ns","192.0678","01 06","ACK =>",""
"256","192.32","0.00562467","0.249683","04/25/23 08:58:10 +319712000 ns","192.3197","01 1A 02 00 E7","=> Static status query","1A"
"257","192.333","0.00260367","0.00740233","04/25/23 08:58:10 +332739000 ns","192.3327","01 06","ACK <=",""
"258","192.342","0.0107297","0.00645833","04/25/23 08:58:10 +341801000 ns","192.3418","01 1C 05 03 08 31 0C 03 EB","<= Static status reply","1C"
"259","192.387","0.00218767","0.0347843","04/25/23 08:58:10 +387315000 ns","192.3873","01 06","ACK =>",""
"260","192.463","0.00562567","0.0738523","04/25/23 08:58:10 +463355000 ns","192.4633","01 2B 02 6F B9","=> Event 1 Status query","2B"
"261","192.476","0.00218667","0.00686833","04/25/23 08:58:10 +475849000 ns","192.4758","01 06","ACK <=",""
"262","192.484","0.00697867","0.00635433","04/25/23 08:58:10 +484390000 ns","192.4844","01 2D 03 18 00 C9","<= Event 1 Status reply","2D"
"263","192.639","0.00218767","0.148018","04/25/23 08:58:10 +639387000 ns","192.6394","01 06","ACK =>",""
"264","192.866","0.00562567","0.224475","04/25/23 08:58:10 +866050000 ns","192.866","01 1C 02 00 E1","=> Static status query","1C"
"265","192.879","0.00260467","0.00737533","04/25/23 08:58:10 +879051000 ns","192.879","01 06","ACK <=",""
"266","192.888","0.0102087","0.00645133","04/25/23 08:58:10 +888107000 ns","192.8881","01 1E 05 03 08 31 0C 03 E9","<= Static status reply","1E"
"267","192.932","0.00218767","0.0332543","04/25/23 08:58:10 +931570000 ns","192.9316","01 06","ACK =>",""
"268","193.008","0.00562467","0.0737483","04/25/23 08:58:11 +7506000 ns","193.0075","01 2D 02 6F BF","=> Event 1 Status query","2D"
"269","193.02","0.00260467","0.00663433","04/25/23 08:58:11 +19765000 ns","193.0198","01 06","ACK <=",""
"270","193.028","0.00729167","0.00593733","04/25/23 08:58:11 +28307000 ns","193.0283","01 2F 03 18 00 CB","<= Event 1 Status reply","2F"
"271","193.179","0.00218767","0.143883","04/25/23 08:58:11 +179482000 ns","193.1795","01 06","ACK =>",""
"272","193.406","0.00562467","0.224365","04/25/23 08:58:11 +406035000 ns","193.406","01 1E 02 00 E3","=> Static status query","1E"
"273","193.419","0.00218767","0.00734333","04/25/23 08:58:11 +419003000 ns","193.419","01 06","ACK <=",""
"274","193.428","0.0103117","0.00687533","04/25/23 08:58:11 +428066000 ns","193.4281","01 10 05 03 08 31 0C 03 E7","<= Static status reply","10"
"275","193.476","0.00218667","0.0371353","04/25/23 08:58:11 +475513000 ns","193.4755","01 06","ACK =>",""
"276","193.551","0.00562467","0.0735413","04/25/23 08:58:11 +551241000 ns","193.5512","01 2F 02 6F BD","=> Event 1 Status query","2F"
"277","193.564","0.00218767","0.00692033","04/25/23 08:58:11 +563786000 ns","193.5638","01 06","ACK <=",""
"278","193.572","0.00677067","0.00645833","04/25/23 08:58:11 +572432000 ns","193.5724","01 21 03 18 00 C5","<= Event 1 Status reply","21"
"279","193.723","0.00218767","0.144014","04/25/23 08:58:11 +723217000 ns","193.7232","01 06","ACK =>",""
"280","193.949","0.00562467","0.224058","04/25/23 08:58:11 +949463000 ns","193.9495","01 10 02 00 ED","=> Static status query","10"
"281","193.964","0.00218767","0.00939433","04/25/23 08:58:11 +964482000 ns","193.9645","01 06","ACK <=",""
"282","193.974","0.0103127","0.00770833","04/25/23 08:58:11 +974378000 ns","193.9744","01 12 05 03 08 31 0C 03 E5","<= Static status reply","12"
"283","194.019","0.00218667","0.0346673","04/25/23 08:58:12 +19358000 ns","194.0194","01 06","ACK =>",""
"284","194.07","0.00562467","0.0484373","04/25/23 08:58:12 +69982000 ns","194.07","01 21 02 6F B3","=> Event 1 Status query","21"
"285","194.083","0.00218667","0.00699233","04/25/23 08:58:12 +82599000 ns","194.0826","01 06","ACK <=",""
"286","194.091","0.00729167","0.00635433","04/25/23 08:58:12 +91140000 ns","194.0911","01 23 03 18 00 C7","<= Event 1 Status reply","23"
"287","194.132","0.00218667","0.0333203","04/25/23 08:58:12 +131752000 ns","194.1317","01 06","ACK =>",""
"288","194.485","0.00562467","0.350613","04/25/23 08:58:12 +484552000 ns","194.4846","01 12 02 00 EF","=> Static status query","12"
"289","194.498","0.00218667","0.00738933","04/25/23 08:58:12 +497566000 ns","194.4976","01 06","ACK <=",""
"290","194.507","0.0106247","0.00697933","04/25/23 08:58:12 +506732000 ns","194.5067","01 14 05 03 08 31 0C 03 E3","<= Static status reply","14"
"291","194.548","0.00218767","0.0303183","04/25/23 08:58:12 +547675000 ns","194.5477","01 06","ACK =>",""
"292","194.623","0.00562467","0.0734363","04/25/23 08:58:12 +623299000 ns","194.6233","01 23 02 6F B1","=> Event 1 Status query","23"
"293","194.639","0.00218767","0.0101953","04/25/23 08:58:12 +639119000 ns","194.6391","01 06","ACK <=",""
"294","194.649","0.00697967","0.00739533","04/25/23 08:58:12 +648702000 ns","194.6487","01 25 03 18 00 C1","<= Event 1 Status reply","25"
"295","194.692","0.00218767","0.0358453","04/25/23 08:58:12 +691527000 ns","194.6915","01 06","ACK =>",""
"296","195.044","0.00562567","0.35041","04/25/23 08:58:13 +44125000 ns","195.0441","01 14 02 00 E9","=> Static status query","14"
"297","195.057","0.00218767","0.00766833","04/25/23 08:58:13 +57419000 ns","195.0574","01 06","ACK <=",""
"298","195.067","0.0103127","0.00770833","04/25/23 08:58:13 +67315000 ns","195.0673","01 16 05 03 08 31 0C 03 E1","<= Static status reply","16"
"299","195.107","0.00218767","0.0297193","04/25/23 08:58:13 +107347000 ns","195.1073","01 06","ACK =>",""
"300","195.158","0.00562467","0.0482283","04/25/23 08:58:13 +157763000 ns","195.1578","01 25 02 6F B7","=> Event 1 Status query","25"
"301","195.17","0.00218767","0.00641933","04/25/23 08:58:13 +169807000 ns","195.1698","01 06","ACK <=",""
"302","195.179","0.00686867","0.00729133","04/25/23 08:58:13 +179286000 ns","195.1793","01 27 03 18 00 C3","<= Event 1 Status reply","27"
"303","195.219","0.00218767","0.0331693","04/25/23 08:58:13 +219324000 ns","195.2193","01 06","ACK =>",""
"304","195.572","0.00562467","0.350723","04/25/23 08:58:13 +572235000 ns","195.5722","01 16 02 00 EB","=> Static status query","16"
"305","195.587","0.00218767","0.00951833","04/25/23 08:58:13 +587378000 ns","195.5874","01 06","ACK <=",""
"306","195.597","0.0105137","0.00791633","04/25/23 08:58:13 +597482000 ns","195.5975","01 18 05 03 08 31 0C 03 EF","<= Static status reply","18"
"307","195.635","0.00218767","0.0273633","04/25/23 08:58:13 +635359000 ns","195.6354","01 06","ACK =>",""
"308","195.711","0.00562467","0.0736443","04/25/23 08:58:13 +711191000 ns","195.7112","01 27 02 6F B5","=> Event 1 Status query","27"
"309","195.731","0.00218667","0.0137763","04/25/23 08:58:13 +730592000 ns","195.7306","01 06","ACK <=",""
"310","195.735","0.00718767","0.00177133","04/25/23 08:58:13 +734550000 ns","195.7345","01 29 03 18 00 CD","<= Event 1 Status reply","29"
"311","195.779","0.00218767","0.0375773","04/25/23 08:58:13 +779315000 ns","195.7793","01 06","ACK =>",""
"312","196.107","0.00562467","0.325404","04/25/23 08:58:14 +106907000 ns","196.1069","01 18 02 00 E5","=> Static status query","18"
"313","196.12","0.00218667","0.00740933","04/25/23 08:58:14 +119941000 ns","196.1199","01 06","ACK <=",""
"314","196.129","0.0105207","0.00686833","04/25/23 08:58:14 +128996000 ns","196.129","01 1A 05 03 08 31 0C 03 ED","<= Static status reply","1A"
"315","196.258","0.00562467","0.118742","04/25/23 08:58:14 +258259000 ns","196.2583","01 29 02 6F BB","=> Event 1 Status query","29"
"316","196.277","0.00218667","0.0134373","04/25/23 08:58:14 +277321000 ns","196.2773","01 06","ACK <=",""
"317","196.34","0.0106247","0.0606183","04/25/23 08:58:14 +340126000 ns","196.3401","01 1A 05 03 08 31 0C 03 ED","<= Static status reply","1A"
"318","196.362","0.00218767","0.0114643","04/25/23 08:58:14 +362215000 ns","196.3622","01 06","ACK =>",""
"319","196.369","0.00677067","0.00468033","04/25/23 08:58:14 +369083000 ns","196.3691","01 2B 03 18 00 CF","<= Event 1 Status reply","2B"
"320","196.378","0.00218767","0.00209033","04/25/23 08:58:14 +377944000 ns","196.3779","01 06","ACK =>",""
"321","196.403","0.00218767","0.0230203","04/25/23 08:58:14 +403152000 ns","196.4032","01 06","ACK =>",""
"322","196.655","0.00562467","0.249683","04/25/23 08:58:14 +655023000 ns","196.655","01 1A 02 00 E7","=> Static status query","1A"
"323","196.668","0.00229167","0.00747333","04/25/23 08:58:14 +668121000 ns","196.6681","01 06","ACK <=",""
"324","196.677","0.0102087","0.00708333","04/25/23 08:58:14 +677496000 ns","196.6775","01 1C 05 03 08 31 0C 03 EB","<= Static status reply","1C"
"325","196.723","0.00218767","0.0356503","04/25/23 08:58:14 +723355000 ns","196.7234","01 06","ACK =>",""
"326","196.799","0.00562467","0.0733253","04/25/23 08:58:14 +798868000 ns","196.7989","01 2B 02 6F B9","=> Event 1 Status query","2B"
"327","196.811","0.00218667","0.00684933","04/25/23 08:58:14 +811342000 ns","196.8113","01 06","ACK <=",""
"328","196.82","0.00687467","0.00635433","04/25/23 08:58:14 +819883000 ns","196.8199","01 2D 03 18 00 C9","<= Event 1 Status reply","2D"
"329","196.971","0.00218767","0.144503","04/25/23 08:58:14 +971261000 ns","196.9713","01 06","ACK =>",""
"330","197.198","0.00562467","0.224683","04/25/23 08:58:15 +198132000 ns","197.1981","01 1C 02 00 E1","=> Static status query","1C"
"331","197.211","0.00218767","0.00734333","04/25/23 08:58:15 +211100000 ns","197.2111","01 06","ACK <=",""
"332","197.221","0.0104167","0.00770833","04/25/23 08:58:15 +220996000 ns","197.221","01 1E 05 03 08 31 0C 03 E9","<= Static status reply","1E"
"333","197.267","0.00218767","0.0357803","04/25/23 08:58:15 +267193000 ns","197.2672","01 06","ACK =>",""
"334","197.343","0.00562567","0.0736443","04/25/23 08:58:15 +343025000 ns","197.343","01 2D 02 6F BF","=> Event 1 Status query","2D"
"335","197.356","0.00229167","0.00692033","04/25/23 08:58:15 +355571000 ns","197.3556","01 06","ACK <=",""
"336","197.365","0.00697867","0.00739533","04/25/23 08:58:15 +365258000 ns","197.3653","01 2F 03 18 00 CB","<= Event 1 Status reply","2F"
"337","197.515","0.00218767","0.142973","04/25/23 08:58:15 +515210000 ns","197.5152","01 06","ACK =>",""
"338","197.767","0.00562567","0.24978","04/25/23 08:58:15 +767178000 ns","197.7672","01 1E 02 00 E3","=> Static status query","1E"
"339","197.78","0.00218767","0.00742133","04/25/23 08:58:15 +780225000 ns","197.7802","01 06","ACK <=",""
"340","197.789","0.0106187","0.00677033","04/25/23 08:58:15 +789183000 ns","197.7892","01 10 05 03 08 31 0C 03 E7","<= Static status reply","10"
"341","197.828","0.00218767","0.0277923","04/25/23 08:58:15 +827594000 ns","197.8276","01 06","ACK =>",""
"342","197.903","0.00562467","0.0736443","04/25/23 08:58:15 +903426000 ns","197.9034","01 2F 02 6F BD","=> Event 1 Status query","2F"
"343","197.918","0.00229167","0.00907533","04/25/23 08:58:15 +918126000 ns","197.9181","01 06","ACK <=",""
"344","197.928","0.00687467","0.00739633","04/25/23 08:58:15 +927814000 ns","197.9278","01 21 03 18 00 C5","<= Event 1 Status reply","21"
"345","197.971","0.00218767","0.0366523","04/25/23 08:58:15 +971341000 ns","197.9713","01 06","ACK =>",""
"346","198.324","0.00562467","0.350619","04/25/23 08:58:16 +324148000 ns","198.3241","01 10 02 00 ED","=> Static status query","10"
"347","198.337","0.00218767","0.00727833","04/25/23 08:58:16 +337051000 ns","198.3371","01 06","ACK <=",""
"348","198.346","0.0104167","0.00687533","04/25/23 08:58:16 +346114000 ns","198.3461","01 12 05 03 08 31 0C 03 E5","<= Static status reply","12"
"349","198.387","0.00218767","0.0307413","04/25/23 08:58:16 +387272000 ns","198.3873","01 06","ACK =>",""
"350","198.438","0.00562467","0.0484303","04/25/23 08:58:16 +437890000 ns","198.4379","01 21 02 6F B3","=> Event 1 Status query","21"
"351","198.45","0.00218667","0.00696633","04/25/23 08:58:16 +450481000 ns","198.4505","01 06","ACK <=",""
"352","198.459","0.00718767","0.00635433","04/25/23 08:58:16 +459022000 ns","198.459","01 23 03 18 00 C7","<= Event 1 Status reply","23"
"353","198.499","0.00218767","0.0328243","04/25/23 08:58:16 +499034000 ns","198.499","01 06","ACK =>",""
"354","198.877","0.00562467","0.375931","04/25/23 08:58:16 +877153000 ns","198.8772","01 12 02 00 EF","=> Static status query","12"
"355","198.89","0.00239567","0.00735733","04/25/23 08:58:16 +890135000 ns","198.8901","01 06","ACK <=",""
"356","198.9","0.0103127","0.00697833","04/25/23 08:58:16 +899509000 ns","198.8995","01 14 05 03 08 31 0C 03 E3","<= Static status reply","14"
"357","199.026","0.00562467","0.116287","04/25/23 08:58:17 +26109000 ns","199.0261","01 23 02 6F B1","=> Event 1 Status query","23"
"358","199.043","0.00249967","0.0109963","04/25/23 08:58:17 +42730000 ns","199.0427","01 06","ACK <=",""
"359","199.115","0.0103127","0.0700963","04/25/23 08:58:17 +115326000 ns","199.1153","01 14 05 03 08 31 0C 03 E3","<= Static status reply","14"
"360","199.155","0.00218767","0.0297383","04/25/23 08:58:17 +155377000 ns","199.1554","01 06","ACK =>",""
"361","199.166","0.00677167","0.00827433","04/25/23 08:58:17 +165839000 ns","199.1658","01 25 03 18 00 C1","<= Event 1 Status reply","25"
"362","199.203","0.00218767","0.0305783","04/25/23 08:58:17 +203189000 ns","199.2032","01 06","ACK =>",""
"363","199.43","0.00562467","0.224781","04/25/23 08:58:17 +430158000 ns","199.4302","01 14 02 00 E9","=> Static status query","14"
"364","199.445","0.00218767","0.00941433","04/25/23 08:58:17 +445197000 ns","199.4452","01 06","ACK <=",""
"365","199.455","0.0105147","0.00749933","04/25/23 08:58:17 +454884000 ns","199.4549","01 16 05 03 08 31 0C 03 E1","<= Static status reply","16"
"366","199.586","0.00562467","0.120694","04/25/23 08:58:17 +586093000 ns","199.5861","01 25 02 6F B7","=> Event 1 Status query","25"
"367","199.605","0.00218767","0.0128383","04/25/23 08:58:17 +604556000 ns","199.6046","01 06","ACK <=",""
"368","199.663","0.0106177","0.0564573","04/25/23 08:58:17 +663201000 ns","199.6632","01 16 05 03 08 31 0C 03 E1","<= Static status reply","16"
"369","199.794","0.00218767","0.120291","04/25/23 08:58:17 +794110000 ns","199.7941","01 06","ACK =>",""
"370","199.798","0.00718767","0.00178333","04/25/23 08:58:17 +798081000 ns","199.7981","01 27 03 18 00 C3","<= Event 1 Status reply","27"
"371","199.818","0.00218667","0.0124873","04/25/23 08:58:17 +817756000 ns","199.8177","01 06","ACK =>",""
"372","199.843","0.00218767","0.0232293","04/25/23 08:58:17 +843172000 ns","199.8432","01 06","ACK =>",""
"373","199.969","0.00562567","0.123851","04/25/23 08:58:17 +969211000 ns","199.9692","01 16 02 00 EB","=> Static status query","16"
"374","199.982","0.00218767","0.00740133","04/25/23 08:58:17 +982238000 ns","199.9822","01 06","ACK <=",""
"375","199.991","0.0102087","0.00686833","04/25/23 08:58:17 +991294000 ns","199.9913","01 18 05 03 08 31 0C 03 EF","<= Static status reply","18"
"376","200.035","0.00218667","0.0335413","04/25/23 08:58:18 +35044000 ns","200.035","01 06","ACK =>",""
"377","200.111","0.00561867","0.0735403","04/25/23 08:58:18 +110771000 ns","200.1108","01 27 02 6F B5","=> Event 1 Status query","27"
"378","200.123","0.00218767","0.00697933","04/25/23 08:58:18 +123369000 ns","200.1234","01 06","ACK <=",""
"379","200.132","0.00687467","0.00645833","04/25/23 08:58:18 +132015000 ns","200.132","01 29 03 18 00 CD","<= Event 1 Status reply","29"
"380","200.279","0.00218767","0.140205","04/25/23 08:58:18 +279095000 ns","200.2791","01 06","ACK =>",""
"381","200.53","0.00562467","0.249058","04/25/23 08:58:18 +530341000 ns","200.5303","01 18 02 00 E5","=> Static status query","18"
"382","200.543","0.00218667","0.00737033","04/25/23 08:58:18 +543336000 ns","200.5433","01 06","ACK <=",""
"383","200.552","0.0102077","0.00677133","04/25/23 08:58:18 +552294000 ns","200.5523","01 1A 05 03 08 31 0C 03 ED","<= Static status reply","1A"
"384","200.595","0.00218767","0.0327343","04/25/23 08:58:18 +595236000 ns","200.5952","01 06","ACK =>",""
"385","200.646","0.00562467","0.0484363","04/25/23 08:58:18 +645860000 ns","200.6459","01 29 02 6F BB","=> Event 1 Status query","29"
"386","200.665","0.00218767","0.0136133","04/25/23 08:58:18 +665098000 ns","200.6651","01 06","ACK <=",""
"387","200.669","0.00718767","0.00166633","04/25/23 08:58:18 +668952000 ns","200.6689","01 2B 03 18 00 CF","<= Event 1 Status reply","2B"
"388","200.707","0.00218767","0.0309693","04/25/23 08:58:18 +707109000 ns","200.7071","01 06","ACK =>",""
"389","201.06","0.00562467","0.350612","04/25/23 08:58:19 +59909000 ns","201.0599","01 1A 02 00 E7","=> Static status query","1A"
"390","201.072","0.00218767","0.00692733","04/25/23 08:58:19 +72461000 ns","201.0725","01 06","ACK <=",""
"391","201.082","0.0103117","0.00718733","04/25/23 08:58:19 +81836000 ns","201.0818","01 1C 05 03 08 31 0C 03 EB","<= Static status reply","1C"
"392","201.123","0.00218767","0.0308853","04/25/23 08:58:19 +123033000 ns","201.123","01 06","ACK =>",""
"393","201.199","0.00562467","0.0734363","04/25/23 08:58:19 +198657000 ns","201.1987","01 2B 02 6F B9","=> Event 1 Status query","2B"
"394","201.213","0.00218667","0.00858733","04/25/23 08:58:19 +212869000 ns","201.2129","01 06","ACK <=",""
"395","201.223","0.00677067","0.00760433","04/25/23 08:58:19 +222660000 ns","201.2227","01 2D 03 18 00 C9","<= Event 1 Status reply","2D"
"396","201.267","0.00218767","0.0376623","04/25/23 08:58:19 +267093000 ns","201.2671","01 06","ACK =>",""
"397","201.62","0.00562467","0.350931","04/25/23 08:58:19 +620212000 ns","201.6202","01 1C 02 00 E1","=> Static status query","1C"
"398","201.633","0.00218767","0.00731133","04/25/23 08:58:19 +633148000 ns","201.6331","01 06","ACK <=",""
"399","201.642","0.0103127","0.00687433","04/25/23 08:58:19 +642210000 ns","201.6422","01 1E 05 03 08 31 0C 03 E9","<= Static status reply","1E"
"400","201.683","0.00218767","0.0302923","04/25/23 08:58:19 +682815000 ns","201.6828","01 06","ACK =>",""
"401","201.759","0.00562567","0.0737483","04/25/23 08:58:19 +758751000 ns","201.7588","01 2D 02 6F BF","=> Event 1 Status query","2D"
"402","201.775","0.00239567","0.0109433","04/25/23 08:58:19 +775320000 ns","201.7753","01 06","ACK <=",""
"403","201.785","0.00697867","0.00739633","04/25/23 08:58:19 +785112000 ns","201.7851","01 2F 03 18 00 CB","<= Event 1 Status reply","2F"
"404","201.827","0.00218767","0.0350903","04/25/23 08:58:19 +827181000 ns","201.8272","01 06","ACK =>",""
"405","202.154","0.00562467","0.324994","04/25/23 08:58:20 +154363000 ns","202.1544","01 1E 02 00 E3","=> Static status query","1E"
"406","202.167","0.00218767","0.00738933","04/25/23 08:58:20 +167377000 ns","202.1674","01 06","ACK <=",""
"407","202.176","0.0106187","0.00677033","04/25/23 08:58:20 +176335000 ns","202.1763","01 10 05 03 08 31 0C 03 E7","<= Static status reply","10"
"408","202.302","0.00562467","0.115115","04/25/23 08:58:20 +302069000 ns","202.3021","01 2F 02 6F BD","=> Event 1 Status query","2F"
"409","202.321","0.00218767","0.0133133","04/25/23 08:58:20 +321007000 ns","202.321","01 06","ACK <=",""
"410","202.394","0.0103117","0.0710343","04/25/23 08:58:20 +394229000 ns","202.3942","01 10 05 03 08 31 0C 03 E7","<= Static status reply","10"
"411","202.435","0.00218767","0.0303383","04/25/23 08:58:20 +434879000 ns","202.4349","01 06","ACK =>",""
"412","202.445","0.00677067","0.00747433","04/25/23 08:58:20 +444541000 ns","202.4445","01 21 03 18 00 C5","<= Event 1 Status reply","21"
"413","202.483","0.00218767","0.0315873","04/25/23 08:58:20 +482899000 ns","202.4829","01 06","ACK =>",""
"414","202.71","0.00562467","0.224885","04/25/23 08:58:20 +709972000 ns","202.71","01 10 02 00 ED","=> Static status query","10"
"415","202.724","0.00218667","0.00850333","04/25/23 08:58:20 +724100000 ns","202.7241","01 06","ACK <=",""
"416","202.734","0.0105207","0.00750033","04/25/23 08:58:20 +733787000 ns","202.7338","01 12 05 03 08 31 0C 03 E5","<= Static status reply","12"
"417","202.771","0.00218767","0.0263923","04/25/23 08:58:20 +770700000 ns","202.7707","01 06","ACK =>",""
"418","202.847","0.00562567","0.0736443","04/25/23 08:58:20 +846532000 ns","202.8465","01 21 02 6F B3","=> Event 1 Status query","21"
"419","202.859","0.00218767","0.00693333","04/25/23 08:58:20 +859091000 ns","202.8591","01 06","ACK <=",""
"420","202.868","0.00697967","0.00635333","04/25/23 08:58:20 +867632000 ns","202.8676","01 23 03 18 00 C7","<= Event 1 Status reply","23"
"421","203.015","0.00218767","0.140459","04/25/23 08:58:21 +15071000 ns","203.0151","01 06","ACK =>",""
"422","203.242","0.00562467","0.224579","04/25/23 08:58:21 +241838000 ns","203.2418","01 12 02 00 EF","=> Static status query","12"
"423","203.254","0.00218667","0.00690833","04/25/23 08:58:21 +254371000 ns","203.2544","01 06","ACK <=",""
"424","203.264","0.0105207","0.00750033","04/25/23 08:58:21 +264058000 ns","203.2641","01 14 05 03 08 31 0C 03 E3","<= Static status reply","14"
"425","203.39","0.00562467","0.11559","04/25/23 08:58:21 +390169000 ns","203.3902","01 23 02 6F B1","=> Event 1 Status query","23"
"426","203.402","0.00260467","0.00658833","04/25/23 08:58:21 +402382000 ns","203.4024","01 06","ACK <=",""
"427","203.472","0.0106247","0.0674923","04/25/23 08:58:21 +472479000 ns","203.4725","01 14 05 03 08 31 0C 03 E3","<= Static status reply","14"
"428","203.602","0.00218767","0.11893","04/25/23 08:58:21 +602034000 ns","203.602","01 06","ACK =>",""
"429","203.606","0.00697967","0.00220633","04/25/23 08:58:21 +606428000 ns","203.6064","01 25 03 18 00 C1","<= Event 1 Status reply","25"
"430","203.626","0.00218667","0.0124803","04/25/23 08:58:21 +625888000 ns","203.6259","01 06","ACK =>",""
"431","203.651","0.00218667","0.0230213","04/25/23 08:58:21 +651096000 ns","203.6511","01 06","ACK =>",""
"432","203.802","0.00562567","0.148643","04/25/23 08:58:21 +801926000 ns","203.8019","01 14 02 00 E9","=> Static status query","14"
"433","203.817","0.00229167","0.00958933","04/25/23 08:58:21 +817141000 ns","203.8171","01 06","ACK <=",""
"434","203.827","0.0105207","0.00729133","04/25/23 08:58:21 +826724000 ns","203.8267","01 16 05 03 08 31 0C 03 E1","<= Static status reply","16"
"435","203.95","0.00562467","0.1127","04/25/23 08:58:21 +949945000 ns","203.95","01 25 02 6F B7","=> Event 1 Status query","25"
"436","203.962","0.00218767","0.00686833","04/25/23 08:58:21 +962438000 ns","203.9624","01 06","ACK <=",""
"437","204.035","0.0106247","0.0704153","04/25/23 08:58:22 +35041000 ns","204.035","01 16 05 03 08 31 0C 03 E1","<= Static status reply","16"
"438","204.058","0.00218767","0.0118813","04/25/23 08:58:22 +57547000 ns","204.0575","01 06","ACK =>",""
"439","204.068","0.00677067","0.00821633","04/25/23 08:58:22 +67951000 ns","204.0679","01 27 03 18 00 C3","<= Event 1 Status reply","27"
"440","204.09","0.00218767","0.0151163","04/25/23 08:58:22 +89838000 ns","204.0898","01 06","ACK =>",""
"441","204.115","0.00218767","0.0232283","04/25/23 08:58:22 +115254000 ns","204.1152","01 06","ACK =>",""
"442","204.343","0.00562467","0.225094","04/25/23 08:58:22 +342536000 ns","204.3425","01 16 02 00 EB","=> Static status query","16"
"443","204.362","0.00218767","0.0139383","04/25/23 08:58:22 +362099000 ns","204.3621","01 06","ACK <=",""
"444","204.373","0.0106247","0.00863933","04/25/23 08:58:22 +372926000 ns","204.3729","01 18 05 03 08 31 0C 03 EF","<= Static status reply","18"
"445","204.419","0.00218667","0.0353383","04/25/23 08:58:22 +418889000 ns","204.4189","01 06","ACK =>",""
"446","204.495","0.00562567","0.0734363","04/25/23 08:58:22 +494512000 ns","204.4945","01 27 02 6F B5","=> Event 1 Status query","27"
"447","204.508","0.00218667","0.00757133","04/25/23 08:58:22 +507709000 ns","204.5077","01 06","ACK <=",""
"448","204.517","0.00687467","0.00750033","04/25/23 08:58:22 +517396000 ns","204.5174","01 29 03 18 00 CD","<= Event 1 Status reply","29"
"449","204.663","0.00218767","0.138676","04/25/23 08:58:22 +662947000 ns","204.6629","01 06","ACK =>",""
"450","204.889","0.00562467","0.224058","04/25/23 08:58:22 +889193000 ns","204.8892","01 18 02 00 E5","=> Static status query","18"
"451","204.909","0.00218767","0.0137953","04/25/23 08:58:22 +908613000 ns","204.9086","01 06","ACK <=",""
"452","204.919","0.0107297","0.00854133","04/25/23 08:58:22 +919342000 ns","204.9193","01 1A 05 03 08 31 0C 03 ED","<= Static status reply","1A"

